,pSTS,M1F,OPA,OPA_only,Broca,SMFA,M1M,V3A,V3B,ATFP,FO,PPA,PPA_only,hMT,LO,PMvh,V1,V2,V3,V4,V7,FEF,AC,OFA,SEF,VO,S1H,IFSFP,S1M,S1F,EBA,M1H,RSC,RSC_only,sPMv,IPS,SMHA,FFA
0,that the upper,taping their burns,was acting crazy,are a gay,thinking about all,late and,runs out crying,down the embankment,in nineteen fifty,was acting crazy,fainted a lot,die like you,nineteen seventy,three hundred fifty,'s nineteen seventy,cost of wrecking,two seventy five,'s nineteen seventy,'s nineteen seventy,'s nineteen seventy,kiss us every,sick or whatever,that the upper,nineteen thity five,heater kept breaking,'s nineteen seventy,napa,ruining everything and,wrong name on,noisy,died that night,wastes,his face split,a hand poking,ruining everything and,retorted rather loudly,was henley royal,not die
1,only the common,slit that neck,joking a,he 's gay,community run and,soaked through,coughing a little,face plant into,of nineteen fifty,just screaming and,was acting crazy,die like,nineteen sixty,flight fifteen,fifteen forty nine,actually hans,return hans,of nineteen ninety,in nineteen fifty,in nineteen fifty,father speaking russian,died that night,the upper,two thousand fifty,also i fainted,of nineteen eighty,old as,strategy is ultimately,hysterically screaming,hit and,knew months ago,says you sent,pulled a muscle,feet hanging over,a complete mess,yell and scream,been corked,s putting it
2,the upper,crashed and,by heedless overuse,he was gay,knowing that i,lip is,and mimed crying,on the forehead,and nineteen fifty,stalled and,almost stumbled and,cry both,of nineteen eighty,two thousand thirteen,of nineteen fifty,in the leg,so eighty five,twentieth nineteen ninety,of nineteen fifty,in nineteen seventy,nose is bleeding,cost a lot,along the top,'s nineteen seventy,collapsed later that,in nineteen seventy,loud as,i realized ultimately,bounced,spray and,alone but not,was mistakenly stacked,his hand curling,under his chin,n't really trust,was acting crazy,broke his shoulder,so do i
3,to trust myself,slipped and,acting crazy,was probably stoned,each semester,n't look blonder,out crying,tiny cut on,between nineteen fifty,shout and,knew better,twice as likely,eight hours south,two thousand sixteen,hundred ninety,return hans,eyebrows,two seventy five,in nineteen seventy,of nineteen fifty,walked right past,butchered a lot,build and,two thousand twenties,fallen back asleep,yelled,maybe two hundred,realized ultimately,scream out,been corked,crack or whate,begged,signing his letters,hands went underneath,a pretty terrible,fainted a lot,throat was slit,n't die
4,valued above all,he slipped and,semi jokingly,was a hindu,the upper,roof,heard him crying,down this embankment,'s nineteen seventy,yelling and,almost died and,is getting angrier,in nineteen thirty,two thousand fifty,twenty sixteen,was henley royal,hundred ninety,nine nineteen seventy,tiny cut on,was nineteen seventy,almost stumbled and,by heedless overuse,going up,four hundred five,insisted on feeding,two thousand sixteen,was mistakenly stacked,wrecking the world,na be naked,cheaper,just going i,created gets captured,one boob,her head underneath,complete mess,semi jokingly,missed and,and getting worse
5,breakfast cereal,broke his shoulder,lied and,was a gay,that the upper,throat was slit,screaming trying,walked right past,in nineteen sixty,almost crying out,know giggling all,us even harder,of nineteen sixty,four hundred five,of nineteen sixty,inflated,actually hans,in nineteen seventy,of nineteen ninety,and nineteen fifty,up kissed me,drank and,was going up,walked straight,electronically every month,fourteen ninety two,died as,offered absolute confidence,started bawling,average each,home with all,works and,one hand tied,towards the ceiling,being terrified of,almost died and,lower and,killed in
6,even the smallest,lower and,joke a lot,joking a,world that we,look blonder,was seen crying,up the coast,nineteen fifty,acting crazy,of failing exams,choke on,in nineteen fifty,two hundred fifty,january forty three,forever actually hans,revised again hans,in nineteen fifty,and nineteen fifty,of nineteen ninety,whispering in,and drinking too,going straight down,eight hundred seventy,fainted a lot,'s standing,stolen too,being manningly terrified,screaming naked,shotgun you,guilty but not,not safe,feigned innocence,over his shoulder,very weak and,almost stumbled and,four hundred five,getting it
7,like super super,shout and,you big wimp,she 's jewish,being terrified of,soaking through,almost stumbled and,nose is bleeding,nineteen sixty,he cried out,giggling all the,him a hearing,in nineteen seventy,four thirty,and nineteen fifty,hitting him like,eight hundred seventy,until nineteen seventy,was nineteen seventy,fourteen ninety,guard spotted us,of failing exams,go up,three hundred ninety,and slept every,until nineteen seventy,return hans,prepping and generally,and dying holding,late and,knew and,maybe two percent,taping their burns,on his butt,very heavy,cried and,closed and,all win
8,i really really,n't stick and,him semi jokingly,by heedless overuse,having to sleep,crying,up alone crying,fountain right there,nineteen thity five,mumbled and,yell and scream,response was nah,nineteen forty,hour drive down,was nineteen seventy,york hans,of nineteen ninety,in nineteen ninety,nine nineteen seventy,between nineteen fifty,realized we left,different by mistake,debit,october nineteen forty,knocked myself unconscious,vic who,fixed and,terrified of everything,be naked,accidentally switched,and getting worse,wrong name on,nodded as if,that forms horizontal,a little scary,screamed,'s gone you,be written
9,you really really,the open back,acted like,of being indian,to trust myself,spots soaking through,forgot to pay,lip is split,in nineteen seventy,crying out,giggling all,sane,nineteen eighty,eight hundred seventy,twenty fifteen,as dirty as,in return hans,of nineteen eighty,between nineteen fifty,eighteen seventy,waved and,singing every song,helmets of the,'s nineteen forty,all snuck out,of nineteen fifty,said to morgan,valued above all,still howling,shout and,really really early,horrible descent,on one boob,onto the railing,weighty that,screams in her,corked,just going i
10,survival of the,throat was slit,screwed up and,he has autism,to build and,out and bring,forward almost falling,leans against,october nineteen forty,cried out,arrested and all,held me like,of nineteen fifty,one hundred thirty,nineteen oh six,broke his shoulder,nodded in,our nineteen eighty,of nineteen eighty,two thousand fifty,quick kiss whispered,his painting sucked,the steering,of nineteen fifty,she fainted,in nineteen fifty,runs very,compassion each,to sleep sitting,i accidentally switched,use but not,up bra,feigning interest,elbows at,kind of corny,retorted rather,dead and,by it
11,large chest,broke and,jig is up,richard had autism,only the common,dead and,cry and,under his chin,tiny cut on,weak and,almost blew up,will die with,cross the bering,ignored and,nineteen fifty three,beating is,four hundred five,in fourteen ninety,'s nineteen forty,three hundred ninety,grabbed and,died of diphtheria,rope around the,was nineteen seventy,died each month,two thousand twelve,little nook,we fought constantly,younger and,late you,half day old,foundation thought you,lip is split,her head brushed,thinking about all,died on purpose,to keep and,being honest
12,needlepoint,stabbed and,he has autism,sushi and sake,planning and,blanket and unbuttoned,crying the,onto the railing,of nineteen sixty,intended,sick or whatever,acted like,of nineteen ninety,drive the twenty,pointed east,butchered language,furious at hans,on nineteen ninety,sixty nine nineteen,eight hundred seventy,yelled,out for being,large chest,april nineteen forty,and avoided diving,january forty three,goat,hiding somewheres and,the late nineteen,straight down the,missing or,unsafe,on his butt,down his chin,of messes and,giggling all,thick and,died that night
13,simplicity,paused and,'s actual name,was french canadian,every day i,thicker,crying the next,tape it closed,on the forehead,very weak and,for choking so,into it like,in nineteen forty,two thousand fourteen,was pointed east,so dangerous that,diagnosed with epilepsy,hundred ninety,eight hundred seventy,hundred ninety,naked too,crack or whate,and tomb,and nineteen fifty,i fainted,his eighty two,heck,thinking about all,return hans,worth stealing and,did n't die,shot and,mime feigned innocence,herself upside down,being manningly terrified,gasped and said,and slept every,had no reason
14,like a really,accidentally i,richard had autism,fact us trademark,helping to build,tiny cut on,seen crying,up the stairs,until nineteen sixty,going pretty,he heard someone,four non native,until nineteen sixty,three hundred ninety,bit nineteen sixty,if hans,shirt all buttoned,of nineteen forty,this nineteen seventy,'s nineteen forty,kiss whispered in,'d been shot,through one gate,fifteen forty nine,goat drank all,of nineteen ninety,dead and,the complete trust,crying the next,should but slower,n't die,chest and,his eye socket,his hands folded,really stupid and,sick or whatever,tint,wanted
15,burning fossil fuels,stalled and,retorted rather,probably stoned,out there and,thousand dollars overdrawn,screaming it,down his chin,nine nineteen seventy,listening and,semi jokingly,was coming are,in downriver michigan,hour thirty,hundred sixty,loving you is,york hans,nineteen seventy,until nineteen seventy,about nineteen seventy,whispers in,was acting crazy,needlepoint,in nineteen fifty,in giant clumps,four hundred five,bake,flirtation with cruelty,spend the rest,shot and,existed not only,dead and,stapled and pinched,foots pointed out,a pretty exciting,almost died,tiny cut on,n't wanted
16,knowing that i,tint,joke are are,was acting crazy,'m terrified of,lower and,singing every,just reached forward,'s nineteen forty,shouted,he knows you,win it all,of nineteen forty,five hundred fifty,of nineteen ninety,unsafe,to jail hans,a nineteen thirty,eighteen seventy,until nineteen seventy,loudly said,later she realized,plas,twenty thousand fifty,had no cookware,of nineteen sixty,wrong name on,schoolwork and all,actually hans,slash my,being not just,left chest,hands like a,scissors behind you,a snake oil,cried a little,screaming it,be honest
17,knight,a five star,me lied and,jewish in,meditating every morning,way down and,drove crying,fiving in front,bit nineteen sixty,was weak and,hiding somewheres and,getting angrier,nineteen thirty,black or,this nineteen seventy,cost a lot,really ninety nine,of nineteen fifty,our nineteen eighty,nineteen seventy,screamed,earlier diagnosed,under the little,in nineteen seventy,cooking his skin,of nineteen forty,and it filled,i am cowardly,bouncing,corked,n't know existed,hand had written,molded his hands,you sit backward,completely crazy,hysterically screaming,thicker and,going i
18,but flawed human,snapped his neck,corked and,joke a lot,eking things out,forgot to pay,lied and,pinning my arms,in nineteen ninety,loud as,was immediately overwhelmed,too passive,in nineteen sixty,old as,two thousand sixteen,worth stealing and,'s nineteen seventy,four hundred five,nineteen seventy,twentieth nineteen ninety,disappointed look and,fainted a lot,each morning,to a hill,he slept and,about nineteen seventy,year younger,and obedient enough,'s crying,open back,i knew i,had not survived,his spine twisted,on the ceiling,inflated,yelled out,hung in,save the world
19,nothing that really,late and,he was gay,drank barolo,after school i,rained and,when she fainted,head brushed the,nineteen seventy,struggled with it,died on purpose,withdrew,until nineteen seventy,two thousand twelve,a nineteen thirty,again hans,again hans,tiny cut on,fifteen forty nine,nineteen thity five,looked and waved,really does coke,the lower,hundred ninety,some little nook,with every pulse,and and rhymes,was ruining everything,yell and scream,tripling,died as,once a day,her mouth open,over her arms,complete mess with,yelled,so big it,killed me
20,small cafe that,crash and,joking it,also a jew,are building and,dollars overdrawn,heater kept breaking,up upside down,april nineteen forty,failed and you,heater kept breaking,refuses,nineteen ninety,twenty ten,hundred seventy,acting crazy,and seventy nine,this nineteen seventy,hundred ninety,fifteen forty nine,use but not,n't still,one tin,six hundred and,to sneak out,hand came,cries out,being terrified of,bawling,late we,next day or,a horrible descent,he slipped and,between her legs,to trust myself,joking a,rained and,died
21,like the tiniest,quart plas,suspected but,lied and,was remembering all,eaten or,screaming trying to,going straight down,texas nineteen sixty,inflated,for being kind,hitting him like,on opposite coasts,hour or,june forty four,by heedless overuse,five thousand three,in your bra,two thousand fifty,of nineteen sixty,whispering in my,late because i,'s chest,drove onto,erect had rotted,nineteen fifty three,uh goat,everybody 's ego,and slept every,cain is shot,killed in,return hans,darning that hole,on one boob,very scary,him semi jokingly,me lied and,are going i
22,planning and,rained and,they knew was,were gay,universe that we,cry it,asleep and slipped,four feet down,of nineteen eighty,barked,daughter cried out,act like,over the gulf,twenty sixteen,texas nineteen sixty,singing every,black hans,between nineteen fifty,about nineteen seventy,of nineteen forty,in your bra,semi jokingly,embedded,minnesotans say chaska,in every crevice,was nineteen seventy,k and,really complicated relationship,beeping,n't take me,nowhere and,drowned,my hand nodded,over their shoulders,messes and,scream a,be hiv,die today
23,a giant concrete,plas,'d lied and,'re smoking pot,takes practice and,door open and,crying in,up the hill,of nineteen ninety,acted like,or failed so,stani stay,nineteen fifty,thousand fourteen,between nineteen fifty,costing hundreds,nodding and,three forty five,of nineteen forty,in nineteen sixty,yell out,be or whatever,they go up,walked right past,overpriced coffee,pans,beautiful little goat,enormous environmental damage,young to,hoots and the,had died,a buck,almost by accident,the mirror behind,'m terrified of,know giggling all,buttoned all,saying it
24,building concrete,five thousand or,wrong name,kind of hippie,shooting range and,missed a,wrong name on,was pointed east,nineteen ninety,screaming,embarrassment she giggled,use ten times,to nineteen forty,drive eight hours,three hundred ninety,screwed up and,three forty five,so eighty five,on the forehead,in nineteen ninety,screaming naked,'s been cheating,went up,dumps raw sewage,he started sleeping,two thousand thirteen,some four hundred,authorities ultimately,is topless,'d like recruited,independent but not,killed and,down his face,elbows on knees,a very weak,screamed obscenities,and unbuttoned,was going up
25,everywhere and,slap and,joke right,i 'm gay,taking college,loud,thousand dollars overdrawn,over the embankment,lip is split,cries out,we fought constantly,to stani stay,nineteen oh six,four hundred dollars,of nineteen eighty,hit and,hundred seventy,since nineteen eighty,three hundred ninety,of nineteen eighty,all snuck out,for choking so,to create stable,three hundred fifty,to talk it,thousand sixteen,blood work,thought about all,would burst,six you,cost a lot,going downhill,down his chin,against the railing,eking things out,scream out,issp,depended on me
26,with concrete,fifteen hundreds,died on purpose,piano and karate,a credit union,tape it closed,i scream and,taping their burns,on nineteen ninety,completely crazy,joking it,catch em all,came to florida,five tons,until nineteen sixty,that if hans,to eighty ninety,eighteen seventy,four hundred five,this nineteen seventy,your hair smells,cheaper,to go up,eighteen seventy,late to fix,vic was,shoot of poa,embarrassed and afraid,big to,just been corked,existed and,head and all,too for emphasis,skin peeled off,but flawed human,embarrassment she giggled,gon na tint,attacked
27,polluting energy,drop and,knew and,kind of indian,all my schoolwork,nineteen thity,cried and,walked straight up,in nineteen eighty,weighty that,when one faltered,declined,down to georgia,thousand thirteen,in nineteen seventy,slipped and,thousand three,was nineteen seventy,two thousand nine,nine nineteen seventy,screams in,'s painting sucked,vanity,a hundred sixty,crashed and,nineteen seventy,is two hundred,of wrecking,year younger,recycle,late because i,n't look very,hooked a thumb,his face split,embarrassing and a,is hysterically screaming,thicker,go right
28,very least it,shrink and,joke or,as a jew,to write and,gash under,fainted,kissing his forehead,our nineteen eighty,slipped and,knew and,died as did,in nineteen eighty,almost crying out,nineteen seventy,world war by,three hundred ninety,and nineteen fifty,hundred and seventy,hundred seventy,scream out,performing all,a tank,nineteen seventy,stored in vaults,nineteen fifty two,then pumped,n't really trust,holding on,late in,really really late,ton and,under his chin,seats behind,your own humanity,i scream and,thousand dollars overdrawn,happening it
29,a credit,great big sack,sick or whatever,i 'm jewish,all the stuff,cheaper,fell and crashed,my ring fell,one nineteen forty,was n't worth,lied and,rolling her out,opposite coasts,twenty fifteen,f-250 pickup,spray and,twentieth nineteen ninety,and nineteen thirty,hundred seventy,sixty nine nineteen,you be hiv,out and partied,guides,to nineteen forty,irrigation and artificial,ninety two,of poa,love no matter,is hysterically screaming,late when,a month old,worked and,crumpled face,lights peeking over,maintenance and,tiny bit joking,shout and,better than you
30,building and,stumbled and,fucking with me,drank and,the storeroom,hung in,call him crying,down the back,until nineteen seventy,scream out of,scream out of,acting crazy,arrived in indianapolis,dead and,october nineteen forty,black hans,hundred ninety nine,about nineteen seventy,of nineteen sixty,hundred and seventy,been corked,n't sue me,shooting range and,until nineteen seventy,when she fainted,twenty sixteen,some little nook,talked endlessly,is six percent,to hire lots,realized and,a sip,her head open,his back turned,the complete trust,giggling all the,n't look blonder,going night
31,'m not super,thicker and,fake name,was a jew,go up,closed and,crying,down the center,up the hill,he slipped and,fought constantly,said wha,in twenty fourteen,hundred ninety,in nineteen sixty,love no matter,that if hans,hundred seventy,in nineteen sixty,four hundred five,cried and,tired and pretty,every morning,fourteen ninety,and overpriced coffee,eroded,nursing,complicated relationship,credit would,closed and,continued and,forever actually hans,body as if,through his shirt,the storeroom,scream out of,you be hiv,worth it
32,knowing that if,been corked,use but not,joking a and,each semester we,and unbuttoned,hysterically screaming,against the railing,to nineteen forty,crashed and,but he sobbed,also said ms,on nineteen ninety,second floor,nineteen sixty,maybe two percent,up right,in nineteen eighty,in nineteen ninety,october nineteen forty,he slipped and,home with all,under their arm,of nineteen sixty,had become balky,in nineteen eighty,i give poa,and compassion each,call him crying,tint,up really early,too hard,acting crazy,on the railing,i am cowardly,started to scream,he missed and,only as good
33,that our operating,almost stumbled and,butchered language,because if copyright,to set up,thin and,he put drops,fell off and,since nineteen eighty,ruining everything and,she was terrified,he cried out,in nineteen ninety,south to where,nineteen fifty two,called like,if hans,eight hundred seventy,in fifteen fifty,on nineteen ninety,grabbing kleenex,missing or,on the top,fifteen fifty,broken coolers to,in eighteen eighty,born twelve,terrified but like,is crying,spotted us and,did n't always,and a ton,he almost blew,overturned cardboard,really messy,mumbled and,crust,i going it
34,all the value,found a friendly,loved me terribly,have now messed,even the smallest,so thin she,she fainted,in your bra,of nineteen forty,was going too,other was dying,hit me like,in nineteen thirteen,'re turning ninety,eight hundred seventy,cheaper,between nineteen fifty,'s nineteen forty,in nineteen eighty,to nineteen forty,screams in her,kind of broke,in a plastic,thousand twenties,had rotted and,it standing,was mistakenly,of failing exams,crop is,late because,died of,registered to,handed like,scissors behind,really trust,whispering in,fell and broke,second most important
35,makes me extremely,suffered severe burns,had autism,they were gay,the building process,he started sleeping,was mistakenly stacked,ring fell off,this nineteen seventy,stuck a little,got taken somewhere,not guilty,northern midwest,toward the sea,twenty ten,by greed,left chest,sixty nine nineteen,twentieth nineteen ninety,two thousand twenties,breathing very hard,promoted or,each night,of nineteen ninety,and human wastes,five foot two,good place,school and all,york hans,accidentally i,now had died,two thousand nine,hands out of,elbows at the,wrote poetry,whispering as,eaten or,almost killed me
36,takes practice and,hit and,joking a and,and eating chinese,everywhere and,got cuts all,was always freezing,right in front,in nineteen thirty,stumbled and,imprisoned partly,called like you,moving up north,the bathroom outside,fifteen fifty,crying out,top seventy five,shirt all buttoned,in your bra,three hundred fifty,slipped and,we screwed something,helping to build,two hundred fifty,slept every night,two thousand eleven,miss elizabeth,in some way,father would burst,and modern it,working still,much better fed,forearm was looking,the backs of,being beaten and,and scream a,drowned,by us
37,build and,put tube socks,has autism,hoax,breakfast cereal,she just shaved,cheaper,across the couch,twentieth nineteen ninety,going all,is hysterically screaming,died that night,'s nineteen seventy,off the coast,two thousand twenties,almost crying out,in fourteen ninety,before nineteen eighty,since nineteen eighty,until nineteen sixty,dead and,yell and scream,and written,fifteen meters fifty,has really messy,sitting in indianapolis,nhk,took discipline,phone number on,almost accidentally i,long at least,fired and,burned the skin,around her head,his cd collection,loudly said,way down and,away from where
38,the mercantile,the fifteen hundreds,care a euphemism,she looks waspy,the collection,hamper overflowed,he slipped and,walked straight,nineteen fifty three,ignored and,cried and,tryinna act,sitting in indianapolis,fountain right there,fourteen ninety,nickel in,passing that is,between nineteen thirty,before nineteen eighty,in fifteen fifty,homebound with aids,and partied more,each month,twenty fifteen,everyone was sick,caucasian,does n't rhyme,all my schoolwork,and completely covered,joking a,home late and,six percent,taping their wounds,his eye socket,was unbearably hard,screaming and yelling,fell and crashed,happening what
39,steak stew,worth stealing and,acted like one,ecosystems is hooey,guides,shot and,was still wearing,into the thames,was nineteen seventy,everywhere and,they know you,fight like,the nineteen sixties,twenty fourteen,to nineteen forty,valued above all,up bra,in nineteen thirty,on nineteen ninety,fifteen meters fifty,hugged me,or failed so,signed up,nineteen fifty two,was all maintenance,black hans,cried out,a pretty exciting,be topless,goon,knew i,five thousand or,my arms rubbed,the gash under,and overpriced coffee,exhalation someone shouted,transfusion,everywhere and
40,macaroni and cheese,left unmown it,unironic,being quite seedy,to travel and,beach,fell and,the gash under,two thousand fifty,beaten around,out and partied,has no plans,off into vancouver,started to barge,'s nineteen forty,screaming it,eight states,until nineteen ninety,was nineteen eighty,'s five hundred,speaking russian,or have i,very least it,five hundred fifty,hearing his screams,in your bra,not are you,respected you,to sleep in,by mistake i,not die,said i seemed,huge capital letters,around his head,very weak,acting crazy,slept every,due yesterday
41,the complete trust,to work you,beat me up,you big wimp,each month,supposed to say,down naked,her head brushed,hundred ninety,vanity,guard spotted us,speak all,until nineteen ninety,twenty twelve,on nineteen ninety,look at hans,between nineteen thirty,in eighteen eighty,to nineteen forty,in fourteen ninety,blessing is pregnant,late and i,being lifted up,in fifteen fifty,forgot to pay,two thousand two,vic was,were amazingly welcoming,fell to,barked,going straight home,knew five percent,reply a lot,his feet hanging,very hideous,screams started,shot and,not neither
42,lower east,piercings,fact us trademark,wants ice cream,these collectors,sixth and,to sleep sitting,his feet hanging,down the embankment,almost stumbled and,spent imprisoned partly,hug me,downriver michigan,ford f-250,fifty sixty,roady mcroadface,two mississippi three,hundred and seventy,one nineteen forty,remember nineteen seventy,hysterically screaming,mumbled and,the shooting range,twentieth nineteen ninety,and wear formals,has a hold,hanged,fainted a lot,one boob,in giant clumps,died that,and too hard,'s head really,over my shoulder,low self esteem,adam kept whispering,gone and,n't belong
43,looks really,hit my cheek,joke are,smoke weed,going home and,says you sent,'s laughing too,found myself straddling,nineteen fifty two,scream out,cost a lot,kiss us every,nineteenth nineteen forty,tint,eighteen seventy,known i,look at hans,be seventy five,under his chin,in nineteen forty,died on purpose,singing every,upper half of,'s five hundred,little nook,nineteen ninety six,two thousand nine,terrified that,'s sleeping,eight hundred a,died of diphtheria,actually hans,be very dramatic,her face hovering,wrecking the world,screaming until,'d been shot,be totally honest
44,feed breakfast cereal,was mistakenly stacked,chickening out,driving a volkswagen,meetings and,proof vest he,and too hard,head open and,a hundred sixty,so dangerous that,had not freaked,sitting and stayed,in fourteen ninety,east towards,naked with,one estimate is,have seventy five,in fifteen fifty,lip is split,six hundred and,grabbing and,killed in,a shirt and,fly to venus,maintenance dropped it,nineteen forty two,but so is,it took discipline,of crazy screaming,ald you a,n't know it,runs very,'s neck snapped,mirror behind,with leading businesses,laughing a little,my ring fell,south to where
45,'m really really,intact and,drank and,father speaking russian,everyday i,open the roof,hearing his screams,pointed east,in eighteen eighty,whining and,almost died,openly not,nineteen thirteen,pool thirty,toward the sea,theft is,nine nineteen seventy,thousand three,nineteen fifty three,our nineteen eighty,nodded and,really real and,and information,of nineteen forty,absorbed by plants,nine nineteen seventy,year older,with tremendous friendship,'s hanging,closed which,only learned later,ended up repeating,his hand away,hearing the crunch,tended,and screamed obscenities,wrong name on,in the night
46,or at least,missed and,said did i,and embarrassingly admitted,mother took me,cut the power,mimed crying,a rope hanging,in nineteen forty,was mistakenly stacked,sort of blew,behave like,cross town to,black on,in fifteen fifty,essentially slave,three thousand seven,to nineteen forty,nineteen thity five,nineteen ninety,they knew was,drinking too,and build,nineteen sixty,had rotted,up bra,tipping,bossed me around,drop and,five thousand or,russian or,tiny cut on,my voice cracking,tape it closed,was ruining everything,kind of mumbled,just been corked,killed by
47,inflated,closed and,him like fam,nose job,the credit,shooting,naked too,'s neck snapped,hundred sixty,n't worth,was ruining everything,knew he was,since nineteen eighty,six hundred and,about nineteen seventy,ten dollars worth,sixty five,of nineteen sixty,nineteen fifty,a hundred sixty,smiled and bowed,crying the,these collectors,crackling in,still talking and,just froze,mistakenly stacked,drudgery that,a sip,per year which,died,in the carpet,like really tensed,the back hatch,in some way,cried for days,percent electronically every,n't always
48,every debit,lip is split,liar fake,british english,the integrity,breast,he missed and,finger on,day nineteen eighty,saying all that,laughingly and,save us like,before nineteen eighty,hundred thirty,howard eighteen seventy,artificiality,be seventy five,eighteen eighty,in eighteen eighty,two hundred fifty,crying in,admitted and,on his lower,fifty sixty,his cd collection,siren,basement,meant a lot,cry and,take out,missing or not,four hundred five,'s pawing you,the long piece,beat up and,caught of fooling,to cry it,'s going i
49,of integrity and,cough and,the wrong name,spoke passionate russian,glad that it,longer and thicker,was sweating through,face plant,nineteen eighty,going like,accident his friend,are saved,in eighteen eighty,five to fifty,our nineteen eighty,by mistake i,forever actually hans,one nineteen forty,naked totally covered,bit nineteen sixty,headphones still there,had brought home,at the top,nineteen fifty three,fertilizer runoff,eighteen seventy,crying out,helping everything and,dying holding,unknowingly hiked,i went i,hanged,other hand came,to form horizontal,kind of scared,barked,got cuts all,i went i
50,shooting range and,by mistake i,joke and,kind of nerdy,every spring,unbuttoned,already used,blanket on the,face plant into,screaming and yelling,joke or,meet like you,otherwise every transcontinental,east to,until nineteen seventy,like aggressively,hundred and seventy,five thousand three,the nineteen eighty,nineteen fifty,then yelled out,killed as,were stored up,four hundred dollars,every crevice,vest and,eldest,dealt with carefully,force myself to,emptied and closed,die or,too worked,front as if,an overturned cardboard,complete trust,joke or,blanket and unbuttoned,had died
51,vanity,on the forehead,wildly overreacting,was a nerd,every morning i,'m soaked through,started bawling,reached forward,walked right past,going downhill,getting distracted and,saved by,me up north,take to fort,four hundred five,voice i,just twenty five,remember nineteen seventy,two thousand twelve,four hundred dollars,openly weeping,still or,each day,hundred seventy,pregnant all the,five meters,that goat,just playing and,spend that,slap and,n't always,little nook,one his hand,stapled and pinched,doing crafts,sounded and pleaded,hanged,leaving and
52,emptiness that i,shot and,mom really liked,pot and,build and,slowly lower and,forgot to,finger in,eighteen seventy,daughter cried out,and scream a,sighed,up north,only twenty five,of nineteen forty,growing copyright,i met hans,the nineteen eighty,nineteen fifty two,nineteen sixty,slipped and fell,joke or,eking things out,in nineteen sixty,we being evicted,actually hans,an hour each,mean a lot,early the next,heater kept breaking,admitted and,'d been shot,shaking his finger,through the windshield,of integrity and,breakdown bawling,fixed and,saying all that
53,and written,he missed and,frowned,and antibiotic overuse,were stored up,got longer and,from hunger crying,off the coast,before nineteen eighty,nowhere and,loved me enough,goes did,was nineteen seventy,be seventy five,naked too,singing,at hans,two thousand nine,a hundred sixty,one nineteen forty,recognized me and,might have seen,enough space,diapers,into intensive care,dived,often is hanging,this horrible experience,screaming trying,expanded and,suspected but,fifteen percent,a hand poking,and high rafters,flirtation with cruelty,guard spotted us,to talk it,being gay
54,patience and have,in giant clumps,knew her name,'m gay,going to therapy,clearer,crying so hard,front passenger seat,down this embankment,stayed like that,acting crazy,sound out,nineteen ninety four,died as,nineteen thity five,beat up and,six percent,nine nineteen,remember nineteen seventy,twenty thousand fifty,buck just standing,been infected,stereo,nineteen fifty,jammed streets,a coconut,was hindi,generous and open,down naked,tend,took long,had unworking,cooking his skin,there were slats,some candy,mimed crying and,and the cover,was going on
55,helmets of the,maybe stuck it,failed and you,not a marijuana,doing crafts,left unmown at,sobbing right,gash under,was nineteen eighty,intending,screwed up and,losing it like,year in ohio,away twenty minutes,thousand sixteen,having ptsd,shot in the,four hundred dollars,eighteen eighty,'s three hundred,whispered in,because nobody wanted,hanging from a,nineteen ninety,laundered his clothes,the new laura,needed that,and organic agriculture,relieved himself on,came a,died three months,too curly,the wrong name,his spine twisted,unbearably hard,and almost accidentally,'m taking you,not wanting to
56,a pretty terrible,screaming it,realized and,driving the volkswagen,and written,sleeping,distracted and dropping,down the stairs,the nineteen eighty,guy going like,failing exams,die but not,move to texas,east through,in nineteen fifty,and a pastry,screaming it,nineteen fifty five,until nineteen sixty,was nineteen eighty,spotted us and,been corked,a debit,until nineteen sixty,a collapsed lung,phase is,give poa,of being terrified,hugged each,right down the,i going it,lower and,tiny cut on,down the back,looking like a,by heedless overuse,slipped and,by people
57,like some sort,bust and,eased and,fact been utterly,going to school,walked straight,fell and broke,crack in between,up the stairs,bowed,knows you and,wrong name,back to montana,'s three hundred,fourteen ninety two,preferred english,two thousand seven,eighteen seventy three,four hundred dollars,in nineteen eighty,crying in the,drinking too much,big pack,about nineteen seventy,made illegal and,have two percent,is choking,low self esteem,that been hanging,yelled,probably realizes but,almost blew up,poked a hole,pulling herself upside,leading businesses,cackling like,blonder,be eliminated
58,bread wheat and,burns the piercing,us even harder,being indian,building and,thirties,breathing very hard,facing away from,in fifteen fifty,really fat face,caught of fooling,paying me basically,day nineteen eighty,walk to the,six hundred and,furious at hans,now twenty five,until nineteen sixty,face plant into,in nineteen thirty,yelled out,was probably stoned,to set up,twenty thirty,asleep and slipped,eight hundred seventy,know three hundred,have been courageous,asleep and slipped,hitting each,just hindi,almost blew,his eyes roll,down the center,really stupid,screaming i,improperly,the nearest land
59,the western,opening it and,retarded like,arm he stank,stored up,younger and,ended up repeating,down naked up,four hundred five,screamed,cried a little,or saved by,at high latitudes,march twenty,a hundred sixty,he almost blew,crying in the,hundred five,september nineteenth nineteen,nineteen fifty three,was seen crying,performing so,try to build,hundred and seventy,aquifers fertilizer runoff,in fourteen ninety,says you sent,community run and,scream to,a hole through,home that night,crying out,leaned his head,from her shoulders,dangerous that,somebody then yelled,bit too and,to die
60,all the stuff,back my unibrow,chicken out,n't smoke weed,worry that if,flood,i drove crying,scissors behind you,in your bra,dangerous that,screamed,failed and you,the northern midwest,seven hundred and,sixteen oh four,debit,only twenty five,twenty fifteen,down his chin,naked too,lounged half naked,speaking russian,put a cloth,half block away,for almost drowning,hand is,he cried out,scared and all,still covered,'d been shot,die is if,biological son,index finger his,elbows on,enormous environmental damage,had a seizure,pint,is registered
61,giant concrete,you be hiv,like wildly overreacting,was gay,traveling and,a long sleeve,sobbed,grabbed her legs,eighteen eighty,working still,laugh a lot,pawing you,between nineteen fifty,five thirty,drove from vermont,on tradish,nineteen eighty five,nineteen fifty three,october nineteen forty,nineteen thirty nine,lied and,n't doing well,building and,drove onto the,he dressed and,in nineteen thirty,raise two thousand,been intimidated,kiss us every,old as,killed as,return flight and,arms flailing holding,over his body,whining and,joke a lot,bottom and,n't take it
62,writing handwritten,fixed and,are a gay,was of finnish,helped raise me,thicker and,is crying,down next to,three hundred ninety,screwed up and,butchered a lot,piercing,get to oregon,front yard that,twentieth nineteen ninety,her name like,unibrow,now twenty five,a nineteen thirty,howard eighteen seventy,'m taking you,really happened and,you go up,texas nineteen sixty,lunch each,suv,'s still standing,doing science partly,be screaming,charge the,they do die,little bites,over his face,around my hand,and office supplies,for choking so,frowned,is still out
63,at the western,see her scar,sadly gently took,speaking in english,every morning,bleeding,too curly,lid open,september nineteenth nineteen,a failure and,just looking i,dance that,up the coast,january forty three,thousand twenties,chubby like,third street called,two mississippi three,nineteen thirty nine,a nineteen thirty,naked in the,had not survived,coats,sixty seventy,wind blew it,in nineteen sixty,killed as,fought constantly,four hundred five,left vermont,cry or,he almost blew,rolling their eyes,that flips up,valued above all,yell and,vest and,was taking him
64,an old cassette,heater kept breaking,'s painting sucked,joke are are,that await us,burned beer,fell on,under the couch,eighteen eighty five,joking a,joking around i,every five times,hour drive down,standing right outside,flight fifteen forty,recycling,nodded in my,nineteen ninety,nine nineteen,april nineteen forty,mimed crying and,said instead they,aftering to,two thousand and,dressed to,be topless,around two hundred,enjoyed each other,distracted and dropping,taken out,with who and,blood work,slapping his behind,pipes for legs,flawed human,she fainted,weak and,want you
65,having to sleep,stapled and,sweetie 's name,of quasi indianness,leading businesses,to stop halfway,scream out,turned and walked,hundred seventy,blew it,wrecking the world,second it all,go to spain,one hundred twenty,twenty thirty,by weight,eighteen seventy,in nineteen forty,kissing his forehead,nineteen forty two,kissing as soon,exceptionally minor vice,knight,hundred sixty,soaked through,nineteen fifty six,yelled,terrified of,have two percent,lip is split,knew and i,year younger,him a lot,concentric circles,'m not that,he heard someone,missing or,by you
66,debit,failed and,being a dick,exceptionally minor vice,of other student,helicopter crashed and,loud too,climbed down,hundred five,closed and,because if copyright,be a man,the mid sixties,fifteen fifty,july thirtieth,hung in,ndepp is that,in nineteen sixty,two thousand sixteen,since nineteen eighty,whispering as,i might have,arena and,between nineteen fifty,everyone passed and,fifty six,'s hemorrhaging,cost of wrecking,married that,big as,still or,twelve percent,said like you,shoes propped,being judgmental and,whispered in,van and,was coming are
67,concrete,down his chin,nose job,beat me up,going to college,laundered his clothes,crying in the,canister rolling slowly,nineteen thirty nine,quietly and,rehearsing all,says well ms,wyoming seventy miles,flight fifteen forty,nineteen thirty nine,throwing like,two thousand nine,january forty three,fourteen ninety,before nineteen eighty,clutching my,died of,smoke coming out,two thousand nine,their little bit,uh standing,across town instead,an internet addicted,and the cover,crack the,really early,working all,saying thank you,that jutted,'m not super,heard him crying,treated and,beating me
68,many areas,return flight and,say you sucked,quasi indianness,every morning we,a short sleeve,and drinking too,poked a hole,taping their burns,nodding and,was strangely tentative,write it all,fly from north,shout and,three forty five,complicity,like eightish all,three hundred ninety,in fourteen ninety,in eighteen eighty,whispers in my,screwed something,left chest,into a mountain,skirmishes with customs,i ninety five,vic who,a complete mess,old and crying,are unkeepable,costing hundreds,fat too,pinned so tight,on their backs,'m a coward,and i screamed,naked too,was acting crazy
69,emptiness that,thick and,kid 's name,i joke a,very least it,transfusion,home every night,footprints on,nineteen thirty,survival of the,joking a,tenuously in mercy,was nineteen eighty,hour drive in,hundred n sixty,meat by,blouse matching,nineteen thirty,bit nineteen sixty,two thousand nine,and mimed crying,have been infected,go down,diaper,his eardrum,between nineteen fifty,wasting,sort of morally,he cried out,inflated,very late,around the corner,her head looks,shoes propped up,really fat,died and,stint,die or
70,least as,lo and,disrespected me,'s gay,'m glad it,thinner,messed up the,was blown horizontally,remember nineteen seventy,known i,scream out,dread all,drove from vermont,sea where,eighteen eighty five,going like,is six percent,twenty thousand fifty,going straight down,hundred sixty,shot and,arrested and all,least that,eighteen eighty five,and gargling,nine centimeters,eight hundred a,being beaten and,nickname on,renting,know existed,is fifteen percent,hitting him like,propped a foot,helping to build,was probably stoned,expired and,us like it
71,the closest thing,wet and,gay and that,semi jokingly,therapy and,screen kept blinking,got cuts all,blood was trickling,july nineteen forty,return hans,pretended i,shaking with what,flew from pittsburgh,taking twenty minutes,two thousand thirteen,die like,typed,eighty seven five,gash under,until nineteen ninety,corked,translated or,everywhere and,into the thames,in a vase,nuke,in critical condition,had cared enough,pumped milk,lower and,died i,fingerprinted,finger in,flap of skin,prepping and generally,then yelled out,by mistake i,are worth it
72,of creation and,five thousand dollars,got punk my,i was gay,write and,eighth and,was too curly,cord left,two thousand twenties,mistake and,and almost accidentally,speak twice,'s nineteen forty,the drive down,and nineteen thirty,survival of the,in nineteen seventy,two thousand seven,twenty thousand fifty,horizontally,just been corked,happened or are,going up the,two thousand twelve,his morning coffee,january forty,n't rhyme,a pretty terrible,baby with,cheap and,acting crazy,thousand and nine,hands like,a semi circle,legal stuff,coughing a little,singing every,it was out
73,development of,thumb,he 's gay,jew and,each morning,trend,mistakenly stacked,on his butt,about nineteen seventy,stay that,joke a lot,nine making,drive the twenty,year two thousand,fly to venus,in return hans,watched its,two thousand fifty,two thousand seven,nineteen fifty two,sings in,really done it,underneath the water,black stem,left unmown it,return hans,notification then thanked,ultimately i,scream a,already used,realized i,trained all,sprayed him like,burned the skin,privacy and i,shout and,just fell and,going at all
74,ate cereal,a septum,robbed and,kind of serious,taking classes to,slept and,hugs me,'s car curled,a nineteen thirty,still shy and,retorted rather loudly,said ms,twenty fourteen,stairs and,walked right past,high esteem,died that,gash under his,nineteen ninety,kevin two seventy,frowned,drinking and,to build and,nineteen forty two,to blood clots,texas was,cost of wrecking,intimidated,off start screaming,failed and,come very early,is six percent,other with affection,foots pointed,really warped,until she yelled,worth stealing and,will die with
75,some candy,his eyeball pops,his painting sucked,'s a muslim,do whatever it,missing or,too big,chin right where,eight hundred seventy,appeal,quietly and,cried out,on that distant,spotted us and,one nineteen forty,to jail hans,literally hanging on,eighteen eighty five,two thousand twenties,proof nineteen seventy,meant and,still want,being created,this nineteen seventy,rainwater and nutrients,dunking their headbands,one nursing,felt really strongly,left leg,wanted wanted,na die today,working still,are bulging out,'s skull touching,really afraid of,screaming trying,leaving a dime,taking all
76,stuff that somehow,severe burns,had was real,indianness,risking everything they,fired and,openly weeping,just fell and,hundred and seventy,meant,performing all,noted roughly doubles,up toward cornell,fifth floor,nineteen fifty six,that eyeball cost,seven eighty seven,towards the salton,three forty five,and nineteen thirty,out loud in,who cooked all,every day,howard eighteen seventy,fainted,hanging,sue,integrity,be really hard,started coming down,home really late,one nursing,pinning my arms,looking around corners,planning and,joking it,sadly gently took,continues is
77,of credit,thousand or,loved me enough,bourbon was consumed,every debit,little crack and,yell and scream,up those stairs,gash under,giggling all,scream a,act all,forty years pass,fourteen ninety,was nineteen eighty,hurt my shoulder,new york hans,fifteen forty nine,howard eighteen seventy,two seventy five,your name real,much or,railing of the,fifteen hundreds,minnie chain smoked,was pierced,begged,spent imprisoned partly,f-250 pickup,guard spotted us,taking twenty minutes,stolen too,one ear swirly,hair dangling over,encouragement and i,almost blew up,to wink,going it
78,the integrity,foreign object and,was a lie,sweetie 's name,registration,missed an,cry it,drove onto,in nineteen thirteen,just standing there,knows you,killed as well,coast of florida,meant and,twenty twelve,rebuilding natural capital,three up three,nineteen thirty nine,nineteen forty two,eighteen eighty,fingerprinted,love you very,standing outside,of nineteen eighty,medicated into,toes,forever actually hans,encouragement and i,had not survived,rip it,like three days,screamed,her ear let,straight long piece,some chemical equipment,cried out in,slowly lower and,n't come out
79,simplest,five hundred dollars,mean that as,jig is up,most national governments,gon na shave,was too loud,crack between,slit that,going too,probably realizes but,knew he could,day nineteen forty,driving after sunset,fifteen hundreds,he slipped and,holding on,d thirty five,two seventy five,tiny cut on,she fainted,and overpriced coffee,would drive up,hundred five,hated mowing,oregon,asian,realized ultimately that,but never coming,realized we left,n't realize i,the nearest town,her head underneath,along the glass,terrified that,giggled and,little flashlight,been going on
80,tend,tape it closed,for choking so,be let down,maintenance and,no clothes underneath,out a bunch,onto the sidewalk,up the coast,just going i,got distracted and,the male,our nineteen eighty,the fifth floor,fifty trees,joking a,up all,two twenty two,two thousand four,between nineteen thirty,hugged and,sort of blew,the top,in nineteen forty,had drowned and,way from kingston,to one nursing,of creativity instead,user name in,charge and,late when,looks of,save the crusts,feet kicking through,cost a lot,screaming,and crinkle,all absolutely
81,being terrified of,open back,crack immediately,are jewish,most land,door opened it,and crying,a face plant,fly to venus,yell and,chickening out,orale,this nineteen seventy,just scream out,hundred and seventy,really fat face,towards the salton,three up three,seven hundred and,on the forehead,had a seizure,just crying the,tied behind my,vest and,'s still out,ninety six,fixed on,ultimately proved,was mistakenly stacked,an hour each,die but not,twenty five percent,noodle arms,at the ceiling,'m not very,and yelling i,to stop halfway,announce
82,about the mercantile,expired and,flirtation with cruelty,and organic agriculture,some government,five and,laughing too,his head falls,three hundred fifty,he almost blew,sounded and pleaded,sucked all,further up north,hundred seventy,between nineteen thirty,by grain,'m holding on,fourteen ninety two,two thousand eleven,five hundred fifty,picked up and,drunk and,signing up,five hundred dollars,hamper overflowed,grass not,and eight hundred,was really nervous,year old child,do n't wa,saying and,terrible place,that eyeball cost,darning that hole,really difficult,screaming it,was missing or,'s going in
83,and tomb,big quart plas,were gay,that it sucked,the building department,in nineteen thity,old and crying,no clothes underneath,in fourteen ninety,going crazy,they knew was,clueless but competitive,towards the rockies,first floor,two thousand nine,beaten and,thousand nine,the gash under,in nineteen forty,eighteen eighty five,screaming it,joke are are,shooting range,black su suv,slept every,nineteen thity five,as thin as,worrisome person,pretend to,napa,die today,was too curly,breathing very hard,framed her face,too scared,daughter cried out,crying the,was yesterday
84,worth less than,four hundred dollars,intentional lie or,'m jewish,many areas,be six thirty,fell to,to a hill,nineteen forty two,was like it,she know this,acting on,in twenty ten,thousand sixteen,eighteen eighty,crashed and,forty three,nineteen seventy nine,proof nineteen seventy,fifteen fifty,whispered in her,acting crazy,a large chest,stairs to,was asleep and,lingerie,hundred ninety nine,with cruelty,parents went naked,by quite a,very early,work address and,onto her face,was facing away,his own weird,he cried out,spot a hill,tend
85,seemingly,actually hans,really loves him,already being overused,for college i,shirt all buttoned,he cried out,nose on back,the gash under,planning and,i scream and,hug mama,was early october,hundred and seventy,the nineteen eighty,coke,until nineteen seventy,at twelve thirty,horizontally,the nineteen eighty,with tears in,sober and,of the ground,along the coast,because perennial grasses,shouted,sofa,strangely tentative about,kissing as soon,thicker,died each month,you wasted,finger you,hands go under,a very scary,suspected but,dear and,be killed
86,most important thing,his face split,butchered a lot,speaking russian,counseling but they,expired and,drank all,towards the hill,fourteen ninety,and bowed,hysterically screaming,learn in spite,drove to washington,five to sixty,nineteen fifty,loud as,take my ninety,nineteen forty two,april nineteen forty,september nineteenth nineteen,arm he stank,late and,ashes outside,a nineteen thirty,swimming every day,two thousand fifty,bowed,known i,his face split,weak and,really late,failed and,hands went underneath,the chopsticks flipped,a credit union,aggressively cackling,how to iron,die like
87,very baggy,two thousand dollars,cocky as,sake and went,the debt,really worn and,his right hand,in nineteen fifty,october nineteen,actually hans,considered so dangerous,was acting crazy,nineteen thity five,somewhere off highway,two seventy five,stealing and,wearing black hans,to eighty ninety,in nineteen thirty,october nineteen,slap and,gone for,cottage,onto a dirt,we screwed something,lab is,york hans,things and ultimately,all went naked,had inadvertently come,going i,too fat,his hand maybe,front passenger seat,terrified of,sobbing right,or not promoted,screaming it
88,in a way,giant clumps,no longer wanted,indian heritage,the whole test,later the doorbell,cry every,facing the beach,fifteen meters fifty,really stupid and,was really nervous,scream out,summer of nineteen,intended,wyoming seventy miles,he cried out,still and,in nineteen thirteen,three hundred fifty,nineteen oh six,brought him cigarettes,second song is,basically driving up,reaching for,fell back asleep,before nineteen eighty,'s three hundred,arguing and,conceived children,really worn away,cheating,starts and,different by mistake,the little bristly,putting all,gasped and,drop and,was now or
89,statues of,five pounds,love you very,gay liberal,remembering all,burnt steak,mom started crying,sauce got detached,cross the bering,relaxed and,by heedless overuse,sobbed,high latitudes,fifty three,flight to chicago,guy named richard,nineteen seventy nine,i ninety five,be topless,died of diphtheria,already in use,to eating all,under his chin,remember nineteen seventy,he brought all,of twenty twelve,seventy,on some level,and my eldest,really worn and,night and early,given the descent,raised voices,poked a hole,embedded,shouted but,he started sleeping,to that empire
90,practical,'s neck snapped,screamed,a gay liberal,knowing that if,lose we,and slept every,standing right outside,no clothes underneath,leaving and,also freaking out,taking all,drive from south,died that night,crawl fifty meters,new york hans,nodding,are bulging out,ring fell off,seven hundred and,whisper in,may have gotten,every debit,nine nineteen seventy,just starts gunning,persian,and a bunch,with leading businesses,was gay,just scream out,old as,one gold depending,repeated her affirmation,gash under,has really messy,got distracted and,mistakenly,n't okay
91,the dirt roads,five pence,all he wanted,joking around i,glad i i,blonder,him crying,tore a hole,day nineteen forty,putting all,the doctor panicked,use but not,vancouver in canada,house next to,diapers,calorie soda,going all,by twelve thirty,until nineteen ninety,sixty seventy,cried out in,giggling all,ting t,nineteen oh six,delaying it by,new laura,four hundred five,and worked hard,just fell to,sent back from,and very wanted,quart plas,cocked his head,those pull string,a mug,moment she gasped,swallowed it or,acting crazy
92,they look really,ear and,tiny bit joking,are from india,of the military,thin and it,too hard,his left hand,eighteen seventy three,got taken,neighbor had recognized,cry or,an hour south,back room where,before nineteen eighty,killed as,have two percent,jarkko twenty five,eighteen seventy three,tint,diapers,passed and still,sea ice,bit nineteen sixty,beat up and,nineteen eighty two,actually hans,still just terrified,have a naked,had become balky,i remembered i,did not survive,hands your thumb,my scalp peeled,hiding somewheres and,sort of blew,slept and,won it
93,every sea,just fell and,he knew it,'re pretty psyched,being the only,to hold handkerchief,headphones still there,along the coast,two hundred fifty,was going up,him semi jokingly,ndepp you,nineteen forty seven,this is east,kevin two seventy,at hans,back my unibrow,up bra,nineteen sixty,a long sleeve,finger in,joking a,being built,towards the hill,metal falling out,two thousand fourteen,is then pumped,were very nervous,capital letters he,i   wa,was now or,good place,hands gripped,on his back,outdoor,blurted out,now and,be executed
94,a permanent,heard another thud,knew better,which really stank,'m glad that,was wet through,down had unworking,i drove onto,hundred n sixty,taking all,looked around scared,becoming more likely,ship to hoboken,debit,nineteen fifty five,of wrecking,january forty three,proof nineteen seventy,six hundred and,naked totally covered,whispers,must have cost,his chest,eighty ninety,created gets captured,head is,then so is,'m a coward,was naked,up the hill,i realized i,not air conditioned,read social cues,that long piece,some paperwork,getting distracted and,not get kissed,only one right
95,ugliness,sped,meant is as,was slut skank,that every day,long sleeve,cooked all,on her chest,drove from vermont,pretty serious,visiting and all,declines,train to boston,heard what sounded,in fourteen ninety,screaming,five am,nineteen fifty two,hundred five,was too curly,confused look and,soundtrack,a set,flight to chicago,home every night,ninety three,crying as,failing exams,october nineteen,'re coming down,did not die,died that night,finger on,the smoke behind,was petrified of,he has autism,and completely covered,abandon
96,the very least,down the embankment,caught of fooling,being overused,or at least,cried,cries out,up my shoulder,dunking their headbands,still talking and,parents were screaming,choke on my,in upstate,f-250,sixty nine nineteen,like a coke,on nineteen ninety,sixty seventy,hundred ninety nine,five hundred dollars,knew this was,sort of struggling,building process,walked straight up,was sprinting out,hold a coconut,shout and,and doing so,lip is,nose,happened or what,three hundred ninety,your hands went,on the bonnet,do trust,screwed up and,unbuttoned,n't register
97,tiny house,smaller and,theme she liked,or neutral intent,work together and,thirtieth,too fat,car into neutral,and nineteen thirty,the storeroom,enjoyed each other,knew was,the nineteen fifties,past twelve thirty,walked straight,ruining everything and,twenty thousand fifty,nineteen fifty,gash under his,two thousand and,fa staring right,tiny bit joking,spray and,stairs and,got taken somewhere,twelve percent,five angelfish,or approachable,fell by,says you sent,midnight and,seven percent,the mime feigned,behind her so,bloody and it,lied and,'re going streaking,taking us
98,of the developed,horrible descent,beating is,knew and,by helping to,along the coast,power completely out,slit that neck,nineteen forty,just getting carried,something super important,the jig is,late in nineteen,thousand twelve,vest and,requiring a lot,nineteen fifty five,was nineteen eighty,naked too,lingerie,whisper in her,under false identities,go into the,south to where,slept and,'s hanging,five minutes out,out of friendship,screaming it,bluntly,like eightish all,frowned,beating so fast,one hand tied,helping everything and,died that night,stereo,lunatic
99,corn and wheat,coli levels,almost died and,i love you,to talk it,kills the power,soaked through,taped to,proof nineteen seventy,driver seemed not,worked really hard,sales,and nineteen thirty,other room but,thirty nine,singing every song,survival of the,six thirty,left leg,nine nineteen,you big wimp,and eating chinese,underneath the,in nineteen ninety,championing synthetic fertilizer,chaska,younger,really a nerd,bursting,are bulging out,want i,cost of wrecking,your voice sounds,tilting the screen,really cool looking,and almost crying,of money darning,is getting the
